rank_top20,country,location,un_continent,un_statistical,price_in_Euro,entry_price_eur,zone_rental_price,building_construction_year,apartament_m2,building_total_floors,apartment_floor,apartment_rooms,apartment_bedrooms,apartment_bathrooms,apartment_total_area,apartment_living_area,riesgo_ocupacion,leyes_de_ocupacion_comentario,leyes_de_ocupacion_url,pib_millones_ppa,gini,gini_year,population_2018,population_2019,population_change,crime_index,safety_index,unemployment_last,unemployment_previous,unemployment_reference,country_code,country_iso_code,price_in_Euro_calculo,apartment_total_area_calculo,apartment_living_area_calculo,image,url,country_norm_merge_key,latitude,longitude,price_eur_num,rent_eur_month_num,score_precio,score_renta,score_total
1,Greece,"Macedonia and Thrace, Municipality of Paggaio, Eastern Macedonia and Thrace",Europe,Southern Europe,"30.203,61 €","12.081,44 €","2.527,11 €",2005,house,1,2,3,2,1,158 m²,160 m²,bajo,La ocupacion ilegal esta tipificada como delito en el Codigo Penal. (Intervencion policial),https://www.et.gr/,336486,34.4,2017.0,10522246,10473455,0.09,41.3,58.7,16.8,17.0,20-Aug,GR,GRC,30203.61,158.0,160.0,https://realting.com/uploads/bigSlider/1d6/19d9196cdf209.jpg,https://realting.com/property-for-sale/greece/thassos-real-estate/1580531,greece,39.074208,21.824312,30203.61,2527.11,0.9979639,1.0,99.877834
2,Russia,"Northwestern Federal District, Kaliningrad",Europe,Eastern Europe,"30.213,84 €","9.064,15 €","1.561,17 €",2025,house,2,9,2,2,1,120 m²,30 m²,alto,No existe un delito especifico de ocupacion. El desalojo es un proceso civil largo y complejo. (Procedimiento civil largo),http://pravo.gov.ru/,4281807,37.5,2018.0,145734038,145872256,0.09,40.6,59.4,6.3,6.4,20-Sep,RU,RUS,30213.84,120.0,30.0,https://realting.com/uploads/bigSlider/e30/f41d3026110ced7c685b0e20f4e7c.jpg,https://realting.com/property-for-sale/russia/kliper/1705877,russia,61.52401,105.318756,30213.84,1561.17,0.9978616,1.0,99.871696
3,Spain,"Valencian Community, Gandia, Safor",Europe,Southern Europe,"30.407,28 €","12.162,91 €","1.298,94 €",1967,apartment,2,2,3,3,1,114 m²,106 m²,alto,"Delito penal (Art. 245 CP), pero el desalojo requiere un procedimiento civil largo. (Procedimiento civil largo)",https://www.boe.es/buscar/act.php?id=BOE-A-1995-25444,1987305,34.7,2017.0,46692858,46736776,0.09,32.33,67.67,16.26,15.33,20-Sep,ES,ESP,30407.28,114.0,106.0,https://realting.com/uploads/bigSlider/1df/0057c8303fc2f.jpg,https://realting.com/property-for-sale/spain/valencia-rusa/648165,spain,40.463667,-3.74922,30407.28,1298.94,0.9959272,1.0,99.755632
4,Italy,"Alessandria della Rocca, Sicily, Agrigento",Europe,Southern Europe,"32.216,13 €","12.886,45 €","2.280,71 €",2009,house,2,2,3,2,2,260 m²,120 m²,medio,"Delito penal (Art. 633 CP) con hasta 2 anos de prision, pero el proceso puede ser complejo. (Procedimiento mixto)",https://www.normattiva.it/,2664946,35.9,2017.0,60627291,60550075,0.09,44.24,55.76,9.6,9.7,20-Sep,IT,ITA,32216.13,260.0,120.0,https://realting.com/uploads/bigSlider/8d7/64936338c8f13.jpg,https://realting.com/property-for-sale/italy/agenzia-immobliare-my-house/828379,italy,41.87194,12.56738,32216.13,2280.71,0.9778387,1.0,98.670322
5,Latvia,"Vidzeme, Riga",Europe,Northern Europe,"32.347,26 €","9.704,18 €","1.540,48 €",2019,apartment,3,2,1,1,2,20 m²,165 m²,bajo,El fenomeno de la ocupacion es practicamente desconocido y esta criminalizado. (Intervencion policial),https://likumi.lv/,61600,35.6,2017.0,1928459,1906743,0.09,37.43,62.57,8.6,7.4,20-Jun,LV,LVA,32347.26,20.0,165.0,https://realting.com/uploads/bigSlider/f0f/9824d70fe5eb7aae5e24f7fc6a0b2.jpg,https://realting.com/property-for-sale/latvia/metropolis-riga/1717593,latvia,56.879635,24.603189,32347.26,1540.48,0.9765274,1.0,98.591644
6,Montenegro,"Sutomore, Bar Municipality",Europe,Southern Europe,"33.358,17 €","13.343,27 €","1.768,98 €",2020,house,3,3,3,2,1,440 m²,83 m²,bajo,La ocupacion es un acto ilegal. (Intervencion policial),https://www.sluzbenilist.me/,14302,39.0,2015.0,627809,627987,0.03,41.56,58.44,18.56,18.26,20-Aug,ME,MNE,33358.17,440.0,83.0,https://realting.com/uploads/bigSlider/b39/8638c244c97e7.jpg,https://realting.com/property-for-sale/montenegro/montbel-d-o-o/1645833,montenegro,42.708678,19.37439,33358.17,1768.98,0.9664183000000001,1.0,97.98509800000001
7,Finland,"Kiukainen, Mainland, Rauman seutukunta, South-Western",Europe,Northern Europe,"30.325,44 €","7.581,36 €","1.137,20 €",2023,house,1,1,3,2,1,81 m²,100 m²,bajo,El allanamiento de morada es un delito. (Intervencion policial),https://www.finlex.fi/en/,283324,27.4,2017.0,5522576,5532156,0.17,25.53,74.47,7.6,7.7,20-Sep,FI,FIN,30325.44,81.0,100.0,https://realting.com/uploads/bigSlider/456/4f02fa1c78e91cb891d8b69184596.jpg,https://realting.com/property-for-sale/finland/vipcon-lkv/1767593,finland,61.92411,25.748151,30325.44,1137.2,0.9967456,0.9476666666666667,97.71140266666667
8,Turkey,"Mediterranean Region, Sekerhane Mahallesi, Alanya",Asia,Western Asia,"38.144,88 €","15.257,95 €","1.405,07 €",2023,penthouse,1,3,2,1,1,68 m²,86 m²,medio,Contexto historico de gecekondu con amnistias; riesgo historicamente elevado. (Procedimiento mixto),https://www.mevzuat.gov.tr/,2325617,41.9,2018.0,82340088,83429615,1.32,39.5,60.5,13.2,13.4,20-Aug,TR,TUR,38144.88,68.0,86.0,https://realting.com/uploads/bigSlider/b64/5d2b105bc6c4b.jpg,https://realting.com/property-for-sale/turkey/park-estate/599909,turkey,38.963745,35.243322,38144.88,1405.07,0.9185512,1.0,95.113072
9,Czech Republic,"Velebudice, Northwest, okres Most, Ustecky kraj",Europe,Eastern Europe,"31.499,10 €","9.449,73 €","1.007,89 €",2023,apartment,5,2,1,1,1,27 m²,99 m²,bajo,El allanamiento es un delito. (Intervencion policial),https://www.e-sbirka.cz/,454269,24.9,2017.0,10665677,10689209,0.22,25.4,74.6,3.7,3.8,20-Oct,CZ,CZE,31499.1,27.0,99.0,https://realting.com/uploads/bigSlider/09a/aa3767d6872aa5e6bffe7483c0f4a.jpg,https://realting.com/property-for-sale/czech-republic/czech-village-s-r-o/1673170,czech republic,49.817492,15.472962,31499.1,1007.89,0.985009,0.8399083333333334,92.69687333333334
10,Poland,"Masovian Voivodeship, Ostroleka",Europe,Eastern Europe,"47.345,37 €","14.203,61 €","1.241,47 €",1963,apartment,1,1,2,1,3,52 m²,"93,5 m²",bajo,La ocupacion es un acto ilegal. (Intervencion policial),https://isap.sejm.gov.pl/,1299277,29.7,2017.0,37921592,37887768,0.09,33.13,66.87,6.1,6.0,20-Sep,PL,POL,47345.37,52.0,93.5,https://realting.com/uploads/bigSlider/474/3a37c5c44d197.jpg,https://realting.com/property-for-sale/poland/goralczyk-nieruchomosci/995953,poland,51.919438,19.145136,47345.37,1241.47,0.8265463,1.0,89.592778
11,Belarus,"Harodzki, Minsk Region, Harodzkauski sielski Saviet, Valozhyn District",Europe,Eastern Europe,30.225 €,"9.067,50 €","883,50 €",1995,cottage,5,4,2,2,1,198 m²,144 m²,bajo,La ocupacion ilegal de un terreno es una violacion grave de la legislacion. (Intervencion policial),https://pravo.by/,188800,25.2,2018.0,9452617,9452411,0.0,25.02,74.98,0.2,0.2,20-Jul,BY,BLR,30225.0,198.0,144.0,https://realting.com/uploads/bigSlider/d8a/9855e5c2403ef.jpg,https://realting.com/property-for-sale/belarus/an-molnar/768103,belarus,53.709807,27.953389,30225.0,883.5,0.99775,0.73625,89.315
12,Uzbekistan,Tashkent,Asia,Central Asia,46.500 €,13.950 €,"1.139,25 €",2022,unknown,9,8,2,1,1,38 m²,44 m²,bajo,La ocupacion ilegal de tierras es un delito con multas y penas de prision. (Intervencion policial),https://lex.uz/,244761,35.3,2003.0,32476244,32981716,1.56,28.62,71.38,5.5,5.2,19-Dec,UZ,UZB,46500.0,38.0,44.0,https://realting.com/uploads/bigSlider/0a1/3cc695f627fcf70c9e548736e0cc2.jpg,https://realting.com/uzbekistan/property/1766397,uzbekistan,41.377491,64.585262,46500.0,1139.25,0.835,0.949375,88.075
13,Lithuania,"Silgaliai, Marijampole County, Sakiu rajono savivaldybe",Europe,Northern Europe,"30.022,26 €","9.006,68 €","803,62 €",1974,house,2,3,2,2,1,100 m²,101 m²,bajo,La ocupacion esta criminalizada. (Intervencion policial),https://e-seimas.lrs.lt/,106497,37.3,2017.0,2801264,2759627,0.09,33.88,66.12,14.9,14.1,20-Oct,LT,LTU,30022.26,100.0,101.0,https://realting.com/uploads/bigSlider/839/bb3841307796b.jpg,https://realting.com/property-for-sale/lithuania/capital/1442243,lithuania,55.169438,23.881275,30022.26,803.62,0.9997774,0.6696833333333333,86.77397733333333
14,Northern Cyprus,"Esentepe, Girne (Kyrenia) District",unknown,unknown,"53.563,35 €","24.103,51 €","1.200,25 €",2024,penthouse,2,2,2,1,1,35 m²,70 m²,bajo,Es un delito penal con pena de hasta 5 anos de prision o multa de hasta 10.000 EUR. (Intervencion policial),https://www.mahkemeler.net/,374533,34.7,,10522246,10473455,0.09,39.5,60.5,9.6,9.7,unknown,unknown,unknown,53563.35,35.0,70.0,https://realting.com/uploads/bigSlider/251/a0c72e621c6ff.jpg,https://realting.com/property-for-sale/northern-cyprus/gold-mark-estate/662648,northern cyprus,42.708678,23.881275,53563.35,1200.25,0.7643665,1.0,85.86199
15,UAE,,Asia,Western Asia,56.265 €,"19.692,75 €","2.423,78 €",2021,apartment,26,26,1,1,2,84 m²,70 m²,alto,Existe la figura de la posesion adversa: se puede reclamar la propiedad tras 15 anos de posesion ininterrumpida. (Procedimiento civil largo),https://elaws.moj.gov.ae/,682969,32.5,2014.0,9630959,9770529,1.45,15.45,84.55,2.64,2.57,19-Dec,AE,ARE,56265.0,84.0,70.0,https://realting.com/uploads/bigSlider/d46/ccf4e69a013a9.jpg,https://realting.com/property-for-sale/united-arab-emirates/ebdaa-group-for-real-estate-development/672366,united arab emirates,23.424076,53.847818,56265.0,2423.78,0.73735,1.0,84.241
16,Thailand,"Chon Buri Province, Pattaya",Asia,South-eastern Asia,"32.365,86 €","14.564,64 €","764,64 €",2023,apartment,8,1,1,1,1,24 m²,45 m²,bajo,Las leyes de propiedad son estrictas; la ocupacion es un delito con desalojos rapidos. (Intervencion policial),https://www.krisdika.go.th/,1338781,36.4,2018.0,68863514,69037513,0.25,40.01,59.99,1.9,2.1,20-Aug,TH,THA,32365.86,24.0,45.0,https://realting.com/uploads/bigSlider/d41/509389a6367c3874f38a2ae1ca934.jpg,https://realting.com/property-for-sale/thailand/mezhdunarodnoe-agentstvo-nedvizhimosti-habita/1632573,thailand,15.870032,100.992541,32365.86,764.64,0.9763414,0.6372,84.068484
17,Hungary,"Het, Great Plain and North, Putnoki jaras, Borsod-Abaúj-Zemplén",Europe,Eastern Europe,"30.193,38 €","9.058,01 €","691,42 €",2004,house,2,2,2,2,1,76 m²,"162,5 m²",medio,La ocupacion sin permiso es un delito penado con 1 a 5 anos de prision. (Procedimiento mixto),https://njt.hu/,331973,30.6,2017.0,9707499,9684679,0.09,35.23,64.77,4.4,4.6,20-Sep,HU,HUN,30193.38,76.0,162.5,https://realting.com/uploads/bigSlider/929/64a00c0c871dd57396120571e1c09.jpg,https://realting.com/property-for-sale/hungary/otthon-centrum/1676968,hungary,47.162494,19.503304,30193.38,691.42,0.9980662,0.5761833333333333,82.93130533333333
18,Croatia,Odra,Europe,Southern Europe,"65.701,71 €","22.995,60 €","1.286,85 €",1968,apartment,4,2,2,2,1,31 m²,250 m²,bajo,La ocupacion no autorizada es ilegal. La constitucion protege la inviolabilidad de la propiedad. (Intervencion policial),https://narodne-novine.nn.hr/,121917,30.4,2017.0,4156405,4130304,0.09,24.67,75.33,8.8,9.0,20-Sep,HR,HRV,65701.71,31.0,250.0,https://realting.com/uploads/bigSlider/fed/b0c873c17e7915751ccc0c9aa0c34.jpg,https://realting.com/property-for-sale/croatia/opereta-d-o-o/1725899,croatia,45.1,15.2,65701.71,1286.85,0.6429828999999999,1.0,78.578974
19,Cyprus,Famagusta,Asia,Western Asia,"48.212,13 €","19.284,85 €","742,43 €",2024,apartment,2,3,2,2,1,65 m²,86 m²,bajo,Es un delito penal (Art. 281) con pena de hasta 5 anos de prision o multa de hasta 10.000 EUR. (Intervencion policial),http://www.cylaw.org/,36377,31.4,2017.0,1170125,1179551,0.81,31.57,68.43,8.0,7.4,20-Sep,CY,CYP,48212.13,65.0,86.0,https://realting.com/uploads/bigSlider/225/1894b27b35e2f.jpg,https://realting.com/property-for-sale/northern-cyprus/gold-mark-estate/669191,cyprus,35.126413,33.429859,48212.13,742.43,0.8178787000000001,0.6186916666666666,73.82038866666667
20,Georgia,"Abkhazia, Batumi",Asia,Western Asia,30.132 €,"6.629,04 €","341,62 €",2023,apartment,15,5,1,1,1,27 m²,48 m²,bajo,La ocupacion ilegal esta tipificada como delito. (Intervencion policial),https://matsne.gov.ge/en/,58174,36.4,2018.0,4002942,3996765,0.09,20.5,79.5,12.7,13.9,18-Dec,GE,GEO,30132.0,27.0,48.0,https://realting.com/uploads/bigSlider/f96/078dc62abb7eadaeeb385bbbed546.jpg,https://realting.com/property-for-sale/georgia/atlas-property/1689950,georgia,42.315407,43.356892,30132.0,341.62,0.99868,0.28468333333333334,71.30813333333333
