country,location,un_continent,un_statistical,price_in_Euro,entry_price_eur,zone_rental_price,building_construction_year,apartament_m2,building_total_floors,apartment_floor,apartment_rooms,apartment_bedrooms,apartment_bathrooms,apartment_total_area,apartment_living_area,riesgo_ocupacion,leyes_de_ocupacion_comentario,leyes_de_ocupacion_url,pib_millones_ppa,gini,gini_year,population_2018,population_2019,population_change,crime_index,safety_index,unemployment_last,unemployment_previous,unemployment_reference,country_code,country_iso_code,price_in_Euro_calculo,apartment_total_area_calculo,apartment_living_area_calculo,image,url,country_norm_merge_key,latitude,longitude,price_num,score_price,riesgo_norm,safety_num,score_safety,crime_num,score_crime,score_oportunidad,price_eur_num,rent_eur_month_num,payback_years
Georgia,"Gonio, Abkhazia, Batumi",Asia,Western Asia,"252.708,90 €","55.595,96 €","2.197,12 €",2025,penthouse,5,2,4,2,2,94 m²,48 m²,bajo,La ocupacion ilegal esta tipificada como delito. (Intervencion policial),https://matsne.gov.ge/en/,58174,36.4,2018.0,4002942,3996765,0.09,20.5,79.5,12.7,13.9,18-Dec,GE,GEO,252708.9,94.0,48.0,https://realting.com/uploads/bigSlider/b30/2ec15f647737cdb0674493c40a045.jpg,https://realting.com/property-for-sale/georgia/avior-estate-group/1673758,georgia,42.315407,43.356892,252708.9,0.9911207564058124,1.0,79.5,0.8434108527131784,20.5,0.8434108527131783,94.94715583762785,252708.9,2197.12,9.584854263763473
Austria,"Guessing, Burgenland, Bezirk Guessing",Europe,Western Europe,"136.463,55 €","47.762,24 €","1.882,61 €",2021,apartment,5,1,3,2,1,115 m²,115 m²,bajo,"La ocupacion en si no es un delito penal, pero el allanamiento es punible. El desalojo puede ser muy rapido (en 24 horas). (Intervencion policial)",https://www.ris.bka.gv.at/eli/bgbl/1974/60/P134/NOR12029657,524728,29.7,2017.0,8891388,8955102,0.72,24.43,75.57,8.7,8.4,20-Oct,AT,AUT,136463.55,115.0,115.0,https://realting.com/uploads/bigSlider/f47/e6373c6b07883199d9eaa2074580a.jpg,https://realting.com/property-for-sale/austria/boerner-ihr-hausmakler-gmbh/1304090,austria,47.058765,16.3243364,136463.55,0.9952051823177672,1.0,75.57,0.7215503875968992,24.43,0.7215503875968992,91.45471892061767,136463.55,1882.61,6.040530168223902
Spain,"Valencian Community, Gandia, Safor",Europe,Southern Europe,"30.407,28 €","12.162,91 €","1.298,94 €",1967,apartment,2,2,3,3,1,114 m²,106 m²,alto,"Delito penal (Art. 245 CP), pero el desalojo requiere un procedimiento civil largo. (Procedimiento civil largo)",https://www.boe.es/buscar/act.php?id=BOE-A-1995-25444,1987305,34.7,2017.0,46692858,46736776,0.09,32.33,67.67,16.26,15.33,20-Sep,ES,ESP,30407.28,114.0,106.0,https://realting.com/uploads/bigSlider/1df/0057c8303fc2f.jpg,https://realting.com/property-for-sale/spain/valencia-rusa/648165,spain,40.463667,-3.74922,30407.28,0.9989316021471477,0.0,67.67,0.47658914728682183,32.33,0.4765891472868218,54.25493850449057,30407.28,1298.94,1.9507752475095077
Croatia,Odra,Europe,Southern Europe,"65.701,71 €","22.995,60 €","1.286,85 €",1968,apartment,4,2,2,2,1,31 m²,250 m²,bajo,La ocupacion no autorizada es ilegal. La constitucion protege la inviolabilidad de la propiedad. (Intervencion policial),https://narodne-novine.nn.hr/,121917,30.4,2017.0,4156405,4130304,0.09,24.67,75.33,8.8,9.0,20-Sep,HR,HRV,65701.71,31.0,250.0,https://realting.com/uploads/bigSlider/fed/b0c873c17e7915751ccc0c9aa0c34.jpg,https://realting.com/property-for-sale/croatia/opereta-d-o-o/1725899,croatia,45.1,15.2,65701.71,0.9976914881603114,1.0,75.33,0.714108527131783,24.67,0.7141085271317829,91.33091534036595,65701.71,1286.85,4.25468586082294
Belarus,Minsk,Europe,Eastern Europe,"211.074,66 €","63.322,40 €","6.880,04 €",2001,villa,5,4,2,2,1,95 m²,38 m²,bajo,La ocupacion ilegal de un terreno es una violacion grave de la legislacion. (Intervencion policial),https://pravo.by/,188800,25.2,2018.0,9452617,9452411,0.0,25.02,74.98,0.2,0.2,20-Jul,BY,BLR,211074.66,95.0,38.0,https://realting.com/uploads/bigSlider/177/043b027382fcf.jpg,https://realting.com/property-for-sale/belarus/partners-global/815238,belarus,53.9024716,27.5618225,211074.66,0.9925836275544695,1.0,74.98,0.7032558139534886,25.02,0.7032558139534884,90.80101952078344,211074.66,6880.04,2.5566065022877775
Czech Republic,"Velebudice, Northwest, okres Most, Ustecky kraj",Europe,Eastern Europe,"31.499,10 €","9.449,73 €","1.007,89 €",2023,apartment,5,2,1,1,1,27 m²,99 m²,bajo,El allanamiento es un delito. (Intervencion policial),https://www.e-sbirka.cz/,454269,24.9,2017.0,10665677,10689209,0.22,25.4,74.6,3.7,3.8,20-Oct,CZ,CZE,31499.1,27.0,99.0,https://realting.com/uploads/bigSlider/09a/aa3767d6872aa5e6bffe7483c0f4a.jpg,https://realting.com/property-for-sale/czech-republic/czech-village-s-r-o/1673170,czech republic,49.817492,15.472962,31499.1,0.9988932396844841,1.0,74.6,0.6914728682170542,25.4,0.6914728682170543,90.69991563389101,31499.1,1007.89,2.6043764696544263
Finland,"Komsi, Mainland, Suupohjan seutukunta, Western and Central",Europe,Northern Europe,"9.097,26 €","2.274,32 €","1.137,20 €",2023,house,1,1,3,2,1,81 m²,100 m²,bajo,El allanamiento de morada es un delito. (Intervencion policial),https://www.finlex.fi/en/,283324,27.4,2017.0,5522576,5532156,0.17,25.53,74.47,7.6,7.7,20-Sep,FI,FIN,9097.26,81.0,100.0,https://realting.com/uploads/bigSlider/7bb/8cbd3b3f891f14932d0e52176d8c5.jpg,https://realting.com/property-for-sale/finland/vipcon-lkv/1765946,finland,61.92411,25.748151,9097.26,0.9996803563800892,1.0,74.47,0.6874418604651164,25.53,0.6874418604651162,90.61047006915707,9097.26,1137.2,0.6666417516707702
Uzbekistan,Tashkent,Asia,Central Asia,46.500 €,13.950 €,"1.139,25 €",2022,unknown,9,8,2,1,1,38 m²,44 m²,bajo,La ocupacion ilegal de tierras es un delito con multas y penas de prision. (Intervencion policial),https://lex.uz/,244761,35.3,2003.0,32476244,32981716,1.56,28.62,71.38,5.5,5.2,19-Dec,UZ,UZB,46500.0,38.0,44.0,https://realting.com/uploads/bigSlider/0a1/3cc695f627fcf70c9e548736e0cc2.jpg,https://realting.com/uzbekistan/property/1766397,uzbekistan,41.377491,64.585262,46500.0,0.9983661642817894,1.0,71.38,0.5916279069767442,28.62,0.5916279069767441,87.6834837805739,46500.0,1139.25,3.401360544217687
Portugal,"Carvoeiro, Algarve, Lagoa, Faro",Europe,Southern Europe,"127.056,60 €","48.281,51 €","2.700,16 €",2022,apartment,2,3,2,1,1,70 m²,123 m²,bajo,La ocupacion ilegal es un delito. La nueva ley refuerza la proteccion de la propiedad y agiliza la recuperacion de viviendas ocupadas. (Intervencion policial),https://diariodarepublica.pt/,374533,33.8,2017.0,10256193,10226187,0.09,29.83,70.17,7.8,5.6,20-Sep,PT,PRT,127056.6,70.0,123.0,https://realting.com/uploads/bigSlider/492/699752e81d1b7.jpg,https://realting.com/property-for-sale/portugal/casaiberia-mediacao-imobiliaria-lda-parque/1303756,portugal,39.399872,-8.224454,127056.6,0.9955357072835612,1.0,70.17,0.554108527131783,29.83,0.5541085271317829,86.44468410529595,127056.6,2700.16,3.9212676285849732
Cyprus,Famagusta,Asia,Western Asia,"139.395,84 €","55.758,34 €","1.423,03 €",2024,penthouse,2,2,2,1,2,84 m²,74 m²,bajo,Es un delito penal (Art. 281) con pena de hasta 5 anos de prision o multa de hasta 10.000 EUR. (Intervencion policial),http://www.cylaw.org/,36377,31.4,2017.0,1170125,1179551,0.81,31.57,68.43,8.0,7.4,20-Sep,CY,CYP,139395.84,84.0,74.0,https://realting.com/uploads/bigSlider/f48/c28cbf76a75797633239b59d5b075.jpg,https://realting.com/property-for-sale/northern-cyprus/properties-and-partners/1719255,cyprus,35.126413,33.429859,139395.84,0.9951021526373768,1.0,68.43,0.5001550387596903,31.57,0.5001550387596899,84.80873726828577,139395.84,1423.03,8.163088620759927
Poland,"Masovian Voivodeship, Ostroleka",Europe,Eastern Europe,"47.345,37 €","14.203,61 €","1.241,47 €",1963,apartment,1,1,2,1,3,52 m²,"93,5 m²",bajo,La ocupacion es un acto ilegal. (Intervencion policial),https://isap.sejm.gov.pl/,1299277,29.7,2017.0,37921592,37887768,0.09,33.13,66.87,6.1,6.0,20-Sep,PL,POL,47345.37,52.0,93.5,https://realting.com/uploads/bigSlider/474/3a37c5c44d197.jpg,https://realting.com/property-for-sale/poland/goralczyk-nieruchomosci/995953,poland,51.919438,19.145136,47345.37,0.9983364611484323,1.0,66.87,0.45178294573643435,33.13,0.45178294573643396,83.48694681803033,47345.37,1241.47,3.1780449789362613
Lithuania,"Svencele, Klaipeda County, Klaipėda District Municipality",Europe,Northern Europe,"187.392,21 €","56.217,66 €","1.036,11 €",2022,cottage,2,3,2,2,1,79 m²,52 m²,bajo,La ocupacion esta criminalizada. (Intervencion policial),https://e-seimas.lrs.lt/,106497,37.3,2017.0,2801264,2759627,0.09,33.88,66.12,14.9,14.1,20-Oct,LT,LTU,187392.21,79.0,52.0,https://realting.com/uploads/bigSlider/8c9/338390cf3c34f.jpg,https://realting.com/property-for-sale/lithuania/memelhaus/1543685,lithuania,55.169438,23.881275,187392.21,0.9934157400857542,1.0,66.12,0.428527131782946,33.88,0.42852713178294566,82.59244355691854,187392.21,1036.11,15.071775680188397
Latvia,"Vidzeme, Riga",Europe,Northern Europe,"32.347,26 €","9.704,18 €","1.540,48 €",2019,apartment,3,2,1,1,2,20 m²,165 m²,bajo,El fenomeno de la ocupacion es practicamente desconocido y esta criminalizado. (Intervencion policial),https://likumi.lv/,61600,35.6,2017.0,1928459,1906743,0.09,37.43,62.57,8.6,7.4,20-Jun,LV,LVA,32347.26,20.0,165.0,https://realting.com/uploads/bigSlider/f0f/9824d70fe5eb7aae5e24f7fc6a0b2.jpg,https://realting.com/property-for-sale/latvia/metropolis-riga/1717593,latvia,56.879635,24.603189,32347.26,0.9988634385209839,1.0,62.57,0.3184496124031009,37.43,0.31844961240310077,79.5080259129324,32347.26,1540.48,1.7498474501454089
Armenia,Yerevan,Asia,Western Asia,279.000 €,83.700 €,1.395 €,2022,mansion,3,5,3,2,1,280 m²,86 m²,medio,"Propiedad privada protegida; ocupacion perseguida penalmente, aunque el tiempo de desalojo puede ser incierto. (Procedimiento mixto)",https://www.arlis.am/,42058,34.4,2018.0,2951745,2957731,0.2,22.69,77.31,17.5,19.8,20-Jun,AM,ARM,279000.0,280.0,86.0,https://realting.com/uploads/bigSlider/493/0af3979d72edfd1d13e51c3323a69.jpg,https://realting.com/property-for-sale/armenia/banali-am/1767063,armenia,40.1777112,44.5126233,279000.0,0.9901969856907361,0.5,77.31,0.7755038759689924,22.69,0.7755038759689922,77.87299570669923,279000.0,1395.0,16.666666666666668
Northern Cyprus,"Esentepe, Girne (Kyrenia) District",unknown,unknown,"53.563,35 €","24.103,51 €","1.200,25 €",2024,penthouse,2,2,2,1,1,35 m²,70 m²,bajo,Es un delito penal con pena de hasta 5 anos de prision o multa de hasta 10.000 EUR. (Intervencion policial),https://www.mahkemeler.net/,374533,34.7,,10522246,10473455,0.09,39.5,60.5,9.6,9.7,unknown,unknown,unknown,53563.35,35.0,70.0,https://realting.com/uploads/bigSlider/251/a0c72e621c6ff.jpg,https://realting.com/property-for-sale/northern-cyprus/gold-mark-estate/662648,northern cyprus,42.708678,23.881275,53563.35,0.9981179846361932,1.0,60.5,0.254263565891473,39.5,0.2542635658914728,77.55262636219192,53563.35,1200.25,3.7189023120183293
Thailand,"Chon Buri Province, Pattaya",Asia,South-eastern Asia,201.810 €,"90.814,50 €","2.028,09 €",2016,unknown,20,14,2,1,1,76 m²,45 m²,bajo,Las leyes de propiedad son estrictas; la ocupacion es un delito con desalojos rapidos. (Intervencion policial),https://www.krisdika.go.th/,1338781,36.4,2018.0,68863514,69037513,0.25,40.01,59.99,1.9,2.1,20-Aug,TH,THA,201810.0,76.0,45.0,https://realting.com/uploads/bigSlider/f5d/63a4b2198e492641d875eb35313d8.jpg,https://realting.com/property-for-sale/thailand/rieltor-bez-granic/1716671,thailand,15.870032,100.992541,201810.0,0.9929091529829658,1.0,59.99,0.23844961240310092,40.01,0.2384496124031008,76.86985449141167,201810.0,2028.09,8.292284859153193
Greece,"Attica, Municipality of Athens, Regional Unit of Central Athens",Europe,Southern Europe,"28.303,62 €","11.321,45 €","1.263,55 €",2005,apartment,1,2,1,1,1,47 m²,115 m²,bajo,La ocupacion ilegal esta tipificada como delito en el Codigo Penal. (Intervencion policial),https://www.et.gr/,336486,34.4,2017.0,10522246,10473455,0.09,41.3,58.7,16.8,17.0,20-Aug,GR,GRC,28303.62,47.0,115.0,https://realting.com/uploads/bigSlider/1e2/c7ac13ed1403f.jpg,https://realting.com/property-for-sale/greece/vgp-kupidom/1178349,greece,39.074208,21.824312,28303.62,0.9990055168750396,1.0,58.7,0.19844961240310094,41.3,0.19844961240310088,75.91370904709461,28303.62,1263.55,1.8666732618416368
Montenegro,"Sutomore, Bar Municipality",Europe,Southern Europe,"33.358,17 €","13.343,27 €","1.768,98 €",2020,house,3,3,3,2,1,440 m²,83 m²,bajo,La ocupacion es un acto ilegal. (Intervencion policial),https://www.sluzbenilist.me/,14302,39.0,2015.0,627809,627987,0.03,41.56,58.44,18.56,18.26,20-Aug,ME,MNE,33358.17,440.0,83.0,https://realting.com/uploads/bigSlider/b39/8638c244c97e7.jpg,https://realting.com/property-for-sale/montenegro/montbel-d-o-o/1645833,montenegro,42.708678,19.37439,33358.17,0.99882791893247,1.0,58.44,0.19038759689922483,41.56,0.1903875968992247,75.66474466427555,33358.17,1768.98,1.571440886838743
Indonesia,"Canggu, West Nusa Tenggara, Kec Ampenan",Asia,South-eastern Asia,101.370 €,"45.616,50 €","1.307,08 €",2024,apartment,4,3,2,1,1,32 m²,26 m²,bajo,La ocupacion ilegal (allanamiento) es un delito. (Intervencion policial),https://peraturan.bpk.go.id/,3329169,39.0,2018.0,267670543,270625568,1.1,46.06,53.94,7.07,4.99,20-Sep,ID,IDN,101370.0,32.0,26.0,https://realting.com/uploads/bigSlider/e1e/c4c4ecc028ef3.jpg,https://realting.com/property-for-sale/indonesia/aviator/1550019,indonesia,-0.789275,113.921327,101370.0,0.9964382381343008,1.0,53.94,0.05085271317829459,46.06,0.05085271317829443,71.38311092072087,101370.0,1307.08,6.462879089267681
Hungary,"Csemo, Central, Cegledi jaras, Pest megye",Europe,Eastern Europe,"81.799,08 €","24.539,72 €","1.148,46 €",1950,cottage,1,2,2,2,1,300 m²,"162,5 m²",medio,La ocupacion sin permiso es un delito penado con 1 a 5 anos de prision. (Procedimiento mixto),https://njt.hu/,331973,30.6,2017.0,9707499,9684679,0.09,35.23,64.77,4.4,4.6,20-Sep,HU,HUN,81799.08,300.0,162.5,https://realting.com/uploads/bigSlider/336/9266cce867299.jpg,https://realting.com/property-for-sale/hungary/duna-house-franchise-office/448384,hungary,47.162494,19.503304,81799.08,0.9971258869113813,0.5,64.77,0.38666666666666666,35.23,0.3866666666666667,66.48503547645525,81799.08,1148.46,5.935417863922122
